{
  "type": "doughnut",
  "data": {
    "labels": ["Passed", "Failed", "Skipped"],
    "datasets": [
      {
        "data": [10, 2, 3],
         "backgroundColor": [
          "#77DD77",
          "#FF6961",
          "#475877"
        ]
      }
    ]
  },
  "options": {
    "plugins": {
      "datalabels": {
        "display": true,
        "borderRadius": 2,
        "color": "white",
        "font": {
          "size": 20,
          "weight": "bold"
        }
      },
      "doughnutlabel": {
        "labels": [
          {
            "text": 550,
            "font": {
              "size": 35,
              "weight": "bold"
            }
          },
          {
            "text": "total"
          }
        ]
      }
    }
  }
}