{
    "type": "message",
    "attachments": [
        {
            "contentType": "application/vnd.microsoft.card.adaptive",
            "contentUrl": null,
            "content": {
                "$schema": "http://adaptivecards.io/schemas/adaptive-card.json",
                "type": "AdaptiveCard",
                "version": "1.2",
                "body": [
                    {
                        "type": "TextBlock",
                        "text": "UI Automation Pipeline Results",
                        "weight": "Bolder",
                        "size": "ExtraLarge",
                        "horizontalAlignment": "Center"
                    },
                    {
                        "type": "TextBlock",
                        "text": "Branch: ",
                        "weight": "Bolder",
                        "size": "Large",
                        "horizontalAlignment": "Center"
                    },
                    {
                        "type": "Image",
                        "url": "",
                        "size": "Stretch",
                        "width": "500px",
                        "height": "250px"
                    },
                    {
                        "type": "ColumnSet",
                        "columns": [
                            {
                                "type": "Column",
                                "items": []
                            },
                            {
                                "type": "Column",
                                "items": []
                            }
                        ]
                    },
                    {
                        "type": "ActionSet",
                        "actions": [
                            {
                                "type": "Action.OpenUrl",
                                "title": "View Report",
                                "url": "http://your-report-url.com"
                            }
                        ]
                    }
                ],
                "summary": "UI Automation Pipeline Results"
            }
        }
    ]
}