{
    "Alert_Management": {
        "EnableJiraReporter": true,
        "ProjectID": 14055,
        "ProjectKey": "ALERT",
        "TestCycle": {
            "name": "Alert Management | UI Automation ",
            "projectKey": "ALERT"
        },
        "TestCycleThreshold": 0
    },
    "Plat_Agent": {
        "EnableJiraReporter": true,
        "ProjectID": 14051,
        "ProjectKey": "AGENT",
        "TestCycle": {
            "name": "Agent Management | UI Automation ",
            "projectKey": "AGENT"
        },
        "TestCycleThreshold": 10
    },
    "Communicator": {
        "EnableJiraReporter": false,
        "ProjectID": 15515,
        "ProjectKey": "UMMDASH",
        "TestCycle": {
            "name": "Communicator | UI Automation ",
            "projectKey": "UMMDASH"
        },
        "TestCycleThreshold": 2
    },
    "Policies": {
        "EnableJiraReporter": true,
        "ProjectID": 13705,
        "ProjectKey": "FGP",
        "TestCycle": {
            "name": "Policies | UI Automation ",
            "projectKey": "FGP"
        },
        "TestCycleThreshold": 5
    },
    "JIRA": {
        "key": "NjI2MDEwODkyNDA5OtIWS3b+8ETQtnLOhnAmlGIzR0Ui",
        "url": "https://jira.connectwisedev.com/rest/atm/1.0/",
        "searchTestRun": "testrun/search?query=projectKey%20%3D%20%22",
        "doubleQuotes": "%22",
        "testrun": "testrun",
        "testcase": "testcase",
        "testresult": "testresult"
    }
}