{
    "Patch Approvals": "/QADashB/QuickAccess/NewDesktops/patch-approvals",    
    "Monitors": "/QADashB/QuickAccess/NewDesktops/custom-monitors/monitors",
    "Workstations & Servers": "/QADashB/QuickAccess/NewDesktops",
    "Suspensions": "/QADashB/QuickAccess/NewDesktops/suspension",
    "Communicator": "/QADashB/QuickAccess/NewDesktops/communicator",    
    "Company List": "/QADashB/QuickAccess/NewDesktops/company-management/companies",
    "Intelligent Alerts": "/QADashB/QuickAccess/NewDesktops/intellimon-alert",    
    "Agent Report":"/QADashB/QuickAccess/NewDesktops/NewReporting/AgentReport",
    "Agent Uninstall Report":"/QADashB/QuickAccess/NewDesktops/NewReporting/AgentUninstallReport",
    "Disk Space Report":"/QADashB/QuickAccess/NewDesktops/NewReporting/DiskSpaceReport",
    "Remote Access Report":"/QADashB/QuickAccess/NewDesktops/NewReporting/RemoteAccessReport",
    "Automation Execution Detail Report":"/QADashB/QuickAccess/NewDesktops/NewReporting/AutomationExecutionDetailReport",
    "Automation Execution Summary Report":"/QADashB/QuickAccess/NewDesktops/NewReporting/AutomationExecutionSummaryReport",
    "System Information Report":"/QADashB/QuickAccess/NewDesktops/NewReporting/SystemInformationReport",
    "Patch Compliance Report":"/QADashB/QuickAccess/NewDesktops/NewReporting/PatchComplianceReport",
    "Patch Deployment Report":"/QADashB/QuickAccess/NewDesktops/NewReporting/PatchDeploymentReport",
    "Patch Assessment Report":"/QADashB/QuickAccess/NewDesktops/NewReporting/PatchAssessmentReport",
    "Endpoint Protection Report":"/QADashB/QuickAccess/NewDesktops/NewReporting/EndpointProtectionReport",
    "Network Devices Report":"/QADashB/QuickAccess/NewDesktops/NewReporting/NetworkDevicesReport",
    "Probe Devices Report":"/QADashB/QuickAccess/NewDesktops/NewReporting/ProbeDevicesReport",
    "Third Party Patching" : "/QADashB/QuickAccess/NewDesktops/",
    "Policies": "/QADashB/QuickAccess/NewDesktops/policies",
    "Tasks": "/QADashB/QuickAccess/NewDesktops/tasks-and-sequences",
    "ScheduledTasks": "/QADashB/QuickAccess/NewDesktops/tasks-and-sequences/scheduled-tasks",
    "SaaS Backup" : "/QADashB/QuickAccess/NewDesktops/saas-backup",
    "Patch Exclusion": "/QADashB/QuickAccess/NewDesktops/patch-approvals/exclusions",
    "Backup360": "/QADashB/QuickAccess/NewDesktops/backup-dashboard",
    "Dashboard": "/QADashB/QuickAccess/NewDesktops/devices-dashboard",
    "Contact Management": "/QADashB/QuickAccess/NewDesktops/contact-management/contacts",
    "End User Portals": "/QADashB/QuickAccess/NewDesktops/portal-management/portals",
    "Available Integrations": "/QADashB/QuickAccess/NewDesktops/portal-management/integrations",
    "Device Groups": "/QADashB/QuickAccess/NewDesktops/device-groups",
    "Network Devices": "/QADashB/QuickAccess/NewDesktops/network-devices",
    "Server Password": "/QADashB/QuickAccess/SecureInformationStore/ServerPassword",
    "Desktop Password": "/QADashB/QuickAccess/DesktopPasswordDetails",
    "Packages": "/QADashB/QuickAccess/NewDesktops/packages",
    "Disaster Recovery Runbooks": "/QADashB/QuickAccess/NewDesktops/dr-test",
    "Vulnerability Management Not Subscribed":"/QADashB/QuickAccess/NewDesktops/vulnerability-sites-mgmt",
    "SaaS Security Not Subscribed":"/QADashB/QuickAccess/NewDesktops/saas-security",
    "SOC Hero Dashboard Not Subscribed":"/QADashB/QuickAccess/NewDesktops/mdr-value-report",
    "Risk Assessment":"/QADashB/QuickAccess/NewDesktops/assessment-utility",
    "Microsoft Defender for Business Not Subscribed":"/QADashB/QuickAccess/NewDesktops/endpoint-integrations",
    "Activation":"/QADashB/QuickAccess/NewDesktops/activation-productsM",
    "Workflows": "/QADashB/QuickAccess/NewDesktops/workflow-list",
    "Form Templates": "/QADashB/QuickAccess/NewDesktops/form-builder",
    "Unified Billing Intake": "/QADashB/QuickAccess/NewDesktops/accounting/usage-details",
    "API Access": "/QADashB/QuickAccess/NewDesktops/api-access",
    "Corporate Structure": "/QADashB/QuickAccess/NewDesktops/corporate-structure",
    "Automate Migration": "/QADashB/QuickAccess/NewDesktops/automate-migration",
    "Webroot Endpoint License Management": "/QADashB/QuickAccess/NewDesktops/webroot-signup",
    "Deployment Package": "/QADashB/QuickAccess/NewDesktops/developer",
    "Managed Accounts": "/QADashB/QuickAccess/NewDesktops/franchisee-management/franchisees",
    "Notification Templates": "/QADashB/QuickAccess/NewDesktops/notifications-settings",
    "Data Mapping": "/QaDashB/QuickAccess/NewDesktops/mappingschemas",
    "Custom Fields": "/QADashB/QuickAccess/NewDesktops/elements/custom-fields",
    "IP Restriction Management": "/QADashB/QuickAccess/NewDesktops/ip-management/ips",
    "Tickets (Legacy)": "/mainscreen.asp",
    "Continuty Backup": "/Setup/Continuity/Forms/Dashboard.aspx",
    "Asio Reports": "/MVC/Reports",
    "Security Reports": "/MVC/Reports/SecurityReportList",
    "Account Administration": "/Setup/Forms/Setup/AdminSiteHome.aspx",
    "RMM Setup": "/Setup/Forms/Setup/site.aspx",
    "Mapping": "/QaDashB/QuickAccess/NewDesktops/mappingschemas"
}
