﻿Service_id,Service_name,Service_isactive,Priority,Severity,Serviceboard
101,AD Migration,TRUE,High,Critical,Board A
102,AD Migration test,FALSE,Medium,Major,Board B
103,Exchange management,TRUE,Low,Minor,Board C
104,Exchange management test,FALSE,High,Critical,Board D
105,Terminal server management,TRUE,Medium,Major,Board E
106,Terminal server management test,FALSE,Low,Minor,Board F
107,Win server management,TRUE,High,Critical,Board G
108,Win server management test,FALSE,Medium,Major,Board H
109,Monitoring,TRUE,Low,Minor,Board I
110,Monitoring test,FALSE,High,Critical,Board J
111,Backup services,TRUE,Medium,Major,Board K
112,Backup services test,FALSE,Low,Minor,Board L
