{
    "Alerting": "https://alerting.qa.use1.cwcmddev.cwcloud.io/alerting",
    "CorrelationEngine": "http://correlationengine.qa.use1.cwcmddev.cwcloud.io/ce",
    "Authorization": "https://authzservice.qa.use1.cwcmddev.cwcloud.io/authorizationservice",
    "MappingService": "https://mapping.qa.use1.cwcoreentitydev.cwnet.io/mapping-service",
    "MappingApplicationService": "https://mappingapplication.qa.use1.cwcoreentitydev.cwnet.io/mapping-application-service",
    "Agent": "https://qa.agent.exec.itsupport247.net/agent/v1",
    "Patching": "http://internal-QAplatformpatchingservice-1961468053.us-east-1.elb.amazonaws.com/os-patching/v1"
}