{
    "migrated": {
        "user_1": {
            "email": "TaskingMSQA_PSU@1secmail.com",
            "password": "Abc@1234",
            "verificationCodeEnabled": false
        },
        "user_2": {
            "email": "cwdas@1secmail.com",
            "password": "cwdas@12345",
            "verificationCodeEnabled": false,
            "partnerId": "900002660",
            "userId": "60011080"
        },
        "user_3": {
            "email": "MigrationTeamQA1@1secmail.com",
            "password": "Abc@1234-CWHome",
            "verificationCodeEnabled": false,
            "partnerId": "900016245",
            "userId": "60048723"
        },
        "user_4": {
            "email": "dynamicgroup@1secmail.com",
            "password": "Policy@12345!",
            "verificationCodeEnabled": false,
            "partnerId": "50000249",
            "userId": "60002311"
        },
        "user_csm":{
            "email": "cw-csm@1secmail.com",
            "password": "cwdas@12345",
            "verificationCodeEnabled": true,
            "partnerId": "900002660",
            "userId": "60057525"
        },
        "user_technician":{
            "email": "permission.user@1secmail.com",
            "password": "Alerting@123",
            "verificationCodeEnabled": true,
            "partnerId": "900002660",
            "userId": "60069721"
        },
        "user_default": {
            "email": "cwdas@1secmail.com",
            "password": "cwdas@12345",
            "verificationCodeEnabled": false,
            "partnerId": "900002660",
            "userId": "60011080"
        },
        "user_backupDashboard": {
            "email": "BdashTestPartner2@1secmail.com",
            "password": "Abc@1234",
            "verificationCodeEnabled": false,
            "partnerId": "900014425",
            "userId": "60043788"

        },
        "user_command": {
            "email": "qacommandtestpartner1@1secmail.com",
            "password": "Abc@1234",
            "verificationCodeEnabled": false,
            "partnerId": "900021403",
            "userId": "60011080"

        },
        "technician_command": {
            "email": "command_technician@1secmail.com",
            "password": "technician@1234",
            "verificationCodeEnabled": true,
            "partnerId": "900020921",
            "userId": "60011080"

        },
        "clientmanagment_command": {
            "email": "command_clientmanager@1secmail.com",
            "password": "cmanager@1234",
            "verificationCodeEnabled": true,
            "partnerId": "900020921",
            "userId": "60011080"
        },
        "BCDR_Standalone": {
            "email": "FalconIncrediblesTestPartner1@1secmail.com",
            "password": "Home@2024abc",
            "verificationCodeEnabled": false,
            "partnerId": "900023916",
            "userId": "60070027"
        },
        "user_ospatching": {
            "email": "ospatch.user01@qa1.com",
            "password": "Abc@1234",
            "verificationCodeEnabled": false,
            "partnerId": "900000170",
            "userId": "60002767"
        },
        "user_ospatchingui": {
            "email": "ospatchinguiuser@1secmail.com",
            "password": "OSPatch@1234",
            "verificationCodeEnabled": false,
            "partnerId": "900023874",
            "userId": "60002767"
        },
        "user_mapping": {
            "email": "qamappingtestuser@1secmail.com",
            "password": "qamappingtestuser@1secmail.com",
            "verificationCodeEnabled": false,
            "partnerId": "900000768",
            "userId": "60065015"
        }
    },
    "non_migrated": {}
}
